,0.1% DMSO ,1 uM Verapamil 
0,494.448284868536,371.076718850133
0.0125,486.926223074911,368.334618208517
0.025,480.353222996516,366.978302840857
0.0375,474.356108202443,365.805801104972
0.05,468.828986521967,363.907593189139
0.0625,461.900551518865,363.23802946593
0.075,455.662021211324,362.231594524602
0.0875,449.997191011236,361.26989396035
0.1,444.720319634703,360.411118293471
0.1125,439.509068497975,359.765730078305
0.125,435.29592376919,359.219782247647
0.1375,431.269023420239,358.729584759086
0.15,427.141860259694,358.163938973648
0.1625,423.85658777817,358.143664320119
0.175,421.19161358811,357.3563505269
0.1875,418.879918468628,356.876599295383
0.2,416.361101274788,356.516514016098
0.2125,414.724691686629,356.403557531962
0.225,412.617795932866,355.729837217906
0.2375,411.073196699494,355.465734395258
0.25,409.155020864778,355.508570369684
0.2625,407.312405647811,355.377029409036
0.275,405.807473815019,354.959822255138
0.2875,405.746212796293,354.422920140819
0.3,404.097009611962,354.955497867606
0.3125,403.861386138614,355.045269016698
0.325,402.510135135135,357.078210224646
0.3375,401.902979101823,366.810249307479
0.35,401.275889679715,376.598914742941
0.3625,400.53438587102,386.576792746589
0.375,399.751159058488,397.266015696295
0.3875,398.912768984528,407.582157487483
0.4,398.826432268428,413.746817024372
0.4125,398.519985724483,414.839100189719
0.425,398.120962691241,414.89316971939
0.4375,397.758989917016,414.623247399367
0.45,396.737142347803,413.947992040521
0.4625,396.065413064789,411.97561856601
0.475,396.228239499553,410.463643753952
0.4875,395.773551209929,408.607485084072
0.5,396.487230038534,407.22913078945
0.5125,395.959311704607,404.867921114529
0.525,394.998391133357,402.555083596927
0.5375,395.571966977746,399.436759786638
0.55,395.339627707177,397.242558581381
0.5625,394.387669145981,394.971361247055
0.575,394.3518303052,392.646370235935
0.5875,394.326960871896,389.187386569873
0.6,394.077887197851,387.610863027431
0.6125,393.354489302659,384.875796178344
0.625,393.821569683908,381.844023323615
0.6375,393.368463467049,379.08554249795
0.65,393.379220779221,376.873971099323
0.6625,392.917441029307,374.719233941171
0.675,393.338586907853,372.907315731573
0.6875,393.408091863282,370.291479409337
0.7,393.016474169576,369.187033796851
0.7125,393.10289504347,367.034374712008
0.725,399.121027660908,365.729099456171
0.7375,420.373741872272,364.150962512665
0.75,442.717660591046,362.841338618973
0.7625,457.672929346388,362.221996678354
0.775,473.670760593034,361.186841618924
0.7875,496.549322848405,360.838092597727
0.8,515.507594826838,360.366993706035
0.8125,525.910765487879,359.372685185185
0.825,531.147000259718,358.548825596449
0.8375,535.047141250757,358.070786620958
0.85,537.768772142055,357.822158512901
0.8625,540.647262347548,356.645458736745
0.875,541.861765467253,356.957324427127
0.8875,542.57349771532,356.132778548313
0.9,543.011991028295,355.820137214908
0.9125,543.89404947241,356.372196478221
0.925,542.891845196959,355.609651972158
0.9375,542.215889464594,355.836089946107
0.95,539.880403831219,355.035806809771
0.9625,538.26792811474,355.423445198475
0.975,535.679317216879,354.950088298169
0.9875,532.565563142882,354.378308347214
1,529.265508899257,354.014524932926
1.0125,525.242434722462,357.581733889662
1.025,522.242232251345,367.303204297092
1.0375,517.657566302652,376.001473025226
1.05,512.962603036876,385.724286237189
1.0625,508.572420376638,397.280645749726
1.075,503.768346826848,406.349226569609
1.0875,498.117974111719,412.884266811673
1.1,493.023606271777,414.873494521416
1.1125,488.239563318777,414.909378674143
1.125,481.23184235766,413.936579636824
1.1375,476.147231213367,413.509210763952
1.15,469.776484996938,412.05730296457
1.1625,463.261330761813,410.016862037872
1.175,456.913298851582,408.922965641953
1.1875,451.357757863293,406.986333604851
1.2,446.211303507076,404.193350198771
1.2125,440.172608045066,402.546335718815
1.225,435.177948175568,399.894632026795
1.2375,431.71851524525,397.47795382526
1.25,426.918120923674,394.700698792994
1.2625,424.058636524196,392.427390791027
1.275,422.083193053956,389.695612597852
1.2875,418.389331210191,387.305246857351
1.3,415.17365216624,384.744969498316
1.3125,413.545784626284,381.974122165326
1.325,412.204206602769,379.432538595049
1.3375,410.628766394895,377.634425329429
1.35,409.016220528275,374.446878723989
1.3625,407.50753947135,372.414801907557
1.375,405.873169432857,370.668413793103
1.3875,405.593900481541,368.28593735648
1.4,403.921052631579,366.656819436775
1.4125,403.742406698138,364.991164289001
1.425,402.389353747552,363.617765937902
1.4375,401.749666399787,363.426146323462
1.45,401.085546770898,361.645250368188
1.4625,400.38115192582,360.881952117864
1.475,399.618241738666,360.751573491299
1.4875,398.859305431879,359.889988897113
1.5,398.709991079393,359.21270896832
1.5125,398.517512508935,358.544874757371
1.525,397.546607142857,358.067358473084
1.5375,397.225806451613,357.215943771386
1.55,397.195047823366,357.100185013876
1.5625,396.754113018598,356.878299527647
1.575,396.039070183281,356.321527649343
1.5875,396.220087570369,356.247522918789
1.6,395.461799660441,355.783813850005
1.6125,395.716928852342,354.955927192091
1.625,394.916279485347,355.314759873911
1.6375,394.555774395703,355.291079376855
1.65,394.230082172204,354.588496804668
1.6625,394.589573629523,354.122075279756
1.675,393.964186587877,354.568605622043
1.6875,393.867149758454,354.347478874547
1.7,393.541125928578,355.069926831527
1.7125,393.310076130766,361.310121307528
1.725,393.938335876492,372.19654407688
1.7375,393.653249663828,380.402696258254
1.75,394.652962731254,391.723102280011
1.7625,419.194283679103,401.37847190602
1.775,441.923138297872,409.798546115402
1.7875,457.948484580719,413.975353388909
1.8,468.194031164715,414.63647889875
1.8125,485.329668411867,414.345594215996
1.825,512.225736380224,413.43901998011
1.8375,523.30027715226,411.803608479928
1.85,529.602474262479,410.755714156654
1.8625,533.330103806228,409.224871308588
1.875,535.993614083535,407.648382432677
1.8875,538.829571984436,404.967902350814
1.9,540.903621747774,403.593017997649
1.9125,542.268387430939,401.309038165171
1.925,541.783143939394,398.2265787334
1.9375,541.693024057946,395.564622769677
1.95,542.384754990926,393.253193224024
1.9625,539.494313286231,390.421945906698
1.975,538.999394882434,387.819834560494
1.9875,537.391236712471,385.708709530324
2,535.238301185019,382.423255390774
2.0125,532.904011088972,380.934727040351
2.025,529.087619047619,377.619082367965
2.0375,525.956374674761,375.031167169363
2.05,521.40870092729,373.032970052203
2.0625,517.626777662157,371.517650303365
2.075,513.745531841055,368.859933957072
2.0875,507.780358845454,367.841155899135
2.1,503.882547416043,365.710199576934
2.1125,499.138942056725,364.802394106814
2.125,494.520576671035,363.513456221198
2.1375,488.616781629267,362.759113982464
2.15,481.949245661463,361.21010417627
2.1625,477.780611797704,360.726683937824
2.175,470.0696069869,360.484851292504
2.1875,464.046080926885,359.624536693847
2.2,458.627087361575,358.318454856298
2.2125,452.263908450704,357.500415934929
2.225,446.497625329815,357.186876155268
2.2375,440.796467176378,356.832731648616
2.25,436.606544364085,356.83748957078
2.2625,432.750485779898,356.249930600537
2.275,428.892314487633,355.6209707299
2.2875,425.258611552729,355.712736373749
2.3,422.163198441512,355.190851004723
2.3125,419.189430822342,355.467253358036
2.325,416.321551647963,354.445649152071
2.3375,414.575556146415,354.428849541114
2.35,413.080095795636,354.580115113257
2.3625,410.849529223663,354.240186046512
2.375,410.218251492737,353.92047455742
2.3875,408.268318678391,354.094217024042
2.4,406.851552076848,357.468973193581
2.4125,405.608830845771,367.726669737448
2.425,404.717764151782,376.762478168949
2.4375,403.468930571606,387.179466081551
2.45,402.892236384705,398.683040614709
2.4625,401.865882981566,407.224213207204
2.475,400.918565325739,412.774861502134
2.4875,400.628423588188,414.132971996387
2.5,400.178443968594,414.600813375508
2.5125,399.369082642418,413.411987723416
2.525,398.250602624766,412.650704734369
2.5375,397.7068165596,410.939055174901
2.55,397.611106151236,409.22140088344
2.5625,397.476164922637,407.748304241657
2.575,396.76822079314,405.498147980847
2.5875,396.856147870346,403.867419792137
2.6,396.077410714286,401.203345388788
2.6125,395.732952006435,398.277231296814
2.625,395.696267120222,396.193475305845
2.6375,395.350353847532,394.031301034295
2.65,395.341725651823,391.044026870007
2.6625,394.94419021983,388.413272727273
2.675,394.412564882764,386.117079388201
2.6875,393.582104228122,382.971124066314
2.7,393.928494623656,381.164841182913
2.7125,393.606771766392,378.459676682802
2.725,393.289149088309,376.487132521293
2.7375,394.051159863334,374.506411430665
2.75,393.314851307775,372.0076223712
2.7625,392.968143176734,369.749471361589
2.775,393.803416510151,367.826227092734
2.7875,416.88906709436,366.226545253863
2.8,440.142262010282,365.335602575897
2.8125,456.960575057329,363.939837847798
2.825,467.305150290033,362.572060449687
2.8375,484.105460572226,362.183425925926
2.85,511.170860812218,361.136132433182
2.8625,523.061741241762,360.218784735087
2.875,529.028242224725,359.444043988541
2.8875,533.510566429932,359.229708468302
2.9,535.562494616246,358.764232902033
2.9125,538.567677291181,358.052407407407
2.925,539.99163216011,357.302794743661
2.9375,540.599482758621,356.7753817677
2.95,542.093450685995,356.817785608309
2.9625,542.079596412556,355.73968048758
2.975,542.080303946119,356.196011131725
2.9875,539.739448751077,355.438510124466
3,538.887622993268,355.341119762699
3.0125,536.300819318672,355.15125034861
3.025,534.827057907037,354.536789297659
3.0375,531.72628210672,354.68307834956
3.05,528.592196132597,354.114534184476
3.0625,525.820213042349,354.398051948052
3.075,521.098926778605,354.17016143997
3.0875,517.483747609943,356.213445689416
3.1,512.084434782609,366.128999445164
3.1125,508.640891675374,375.680588776449
3.125,503.483103988852,385.23849180928
3.1375,499.030160390516,396.521639674261
3.15,493.177433397179,406.493160678461
3.1625,487.836750719832,413.017674927114
3.175,481.599336302506,414.984044964192
3.1875,475.044139498296,414.881372815358
3.2,469.261471103327,414.030908269318
3.2125,462.875,412.965734896303
3.225,457.043135192004,411.320519761776
3.2375,451.716789992953,410.311476892466
3.25,445.685150955022,407.627031419285
3.2625,440.28649506347,405.853883758827
3.275,436.143021201413,404.515489130435
3.2875,431.145969306756,401.747921185828
3.3,427.746978385532,398.99121695038
3.3125,424.012890693978,397.1240829635
3.325,421.26103884612,394.998179832545
3.3375,418.389568919638,391.836043237351
3.35,416.220505992011,388.970261913423
3.3625,413.899547832255,386.882186788155
3.375,412.129069457997,384.029805851791
3.3875,409.617493588043,380.85942753294
3.4,408.588903683977,378.543412763626
3.4125,407.523449991117,376.207019143118
3.425,405.94457788453,373.953716432958
3.4375,404.955983248686,371.981753163396
3.45,403.747951549697,369.747913035501
3.4625,402.570970899706,367.707270056912
3.475,402.080313418217,366.672307550814
3.4875,400.708930638412,365.629807248916
3.5,400.245156682439,363.827157079646
3.5125,400.35531496063,363.151803885291
3.525,398.81871657754,361.578258866882
3.5375,398.458091582612,361.060611660353
3.55,397.983140053524,360.112599297986
3.5625,397.823277017967,359.622053794251
3.575,396.785918513224,358.271433850702
3.5875,396.470509383378,358.024417314095
3.6,396.481607446523,357.233302497687
3.6125,395.682589285714,356.9633401222
3.625,396.085287274029,356.894576082932
3.6375,394.706381837683,356.067715078631
3.65,395.182689723143,355.78697020174
3.6625,394.350026876904,355.481125092524
3.675,393.766037398228,355.960137520907
3.6875,394.525990320846,354.796148861322
3.7,394.53304751697,355.17312517424
3.7125,393.849772382398,354.459116584869
3.725,393.512000716461,354.354599406528
3.7375,392.908732293348,354.357420789327
3.75,392.636942675159,353.773320981936
3.7625,392.097902097902,353.429353372298
3.775,391.944156076606,355.668705969596
3.7875,392.331932021467,364.664447526583
3.8,392.284922196387,373.843948166529
3.8125,392.271864649539,384.225087171958
3.825,390.950906007319,395.218354141985
3.8375,391.17646533238,405.620025556773
3.85,391.607895677027,411.882978723404
3.8625,391.818246805469,414.177793904209
3.875,391.836782227,413.870623360174
3.8875,391.644040476404,413.514414821509
3.9,392.204088952654,412.616087585957
3.9125,407.669109105531,411.179871713795
3.925,430.538113006397,409.424029541565
3.9375,450.435718080397,408.000270855905
3.95,463.978656126482,406.176672694394
3.9625,483.858756567426,404.605750972059
3.975,506.369646750981,401.813488834644
3.9875,521.378884150057,399.462527154236
4,527.275043327556,396.435160065111
4.0125,532.27695102959,394.578818181818
4.025,535.312494603229,391.449129488575
4.0375,538.027530853543,389.030915684497
4.05,540.730257473648,386.149777333454
4.0625,541.209123835805,383.934648245773
4.075,542.409404659189,381.543579446929
4.0875,542.273724203437,378.674359208246
4.1,542.951251078516,376.53513909224
4.1125,541.879007864489,373.855807988274
4.125,540.162756471301,371.927129221733
4.1375,538.053320617305,369.807727522432
4.15,534.818362927674,368.740641957142
4.1625,531.702348964202,366.405052824989
4.175,529.56015591165,364.856775142489
4.1875,526.626114043437,363.264383687747
4.2,522.306808363574,362.581414701803
4.2125,517.642578970143,361.707948243993
4.225,512.583398386677,360.337482710927
4.2375,507.845056951569,360.066925853929
4.25,502.853588516746,358.896484915583
4.2625,498.72819843342,358.968845618915
4.275,493.659104737071,357.887408640947
4.2875,488.759637188209,357.053597785978
4.3,481.698412698413,356.87742292782
4.3125,475.466085440279,356.799538319483
4.325,470.989122807018,356.342039455404
4.3375,463.72256257658,355.952142923262
4.35,457.635464098074,355.215336231616
4.3625,452.629567667518,355.0023171749
4.375,445.660726825843,355.248284813647
4.3875,440.496035940803,355.031943541647
4.4,434.467146872804,354.254191755442
4.4125,431.359543605165,354.130970011107
4.425,427.312869887819,354.444960520204
4.4375,423.830421739898,353.909461210887
4.45,420.960375022112,354.105429234339
4.4625,418.1293857711,354.277391868112
4.475,415.450412124435,357.829609715398
4.4875,413.736315323295,370.315385327042
4.5,411.64367917847,379.239871086556
4.5125,410.519538188277,388.37326007326
4.525,408.175370156929,398.073090610457
4.5375,406.924325762952,406.90930592195
4.55,405.849488206498,412.425555052107
4.5625,404.377669039146,413.957508362716
4.575,403.89425389755,413.632235890014
4.5875,403.071511265473,413.18856315599
4.6,402.359650686152,411.90685476578
4.6125,400.861671727094,410.609513474408
4.625,399.890592955863,409.188868778281
4.6375,399.198804318729,407.343200072196
4.65,398.362670713202,405.03243292077
4.6625,398.163239763991,403.019448213478
4.675,397.664791499241,399.995298372514
4.6875,397.614349376114,398.061883651497
4.7,396.977520071365,395.732813350263
4.7125,396.290028591851,393.097257537232
4.725,395.453864001428,390.362159709619
4.7375,396.00949480473,387.699890770071
4.75,395.058113544926,385.549845370202
4.7625,394.782340311326,382.292600692546
4.775,394.278534312847,380.588885842245
4.7875,393.972194903889,377.533522104494
4.8,393.719896224727,374.84197080292
4.8125,393.592831541219,372.957532491305
4.825,393.311856823266,370.813497157528
4.8375,393.968794835007,368.713617177464
4.85,393.049218401072,367.024363335479
4.8625,393.550994801936,365.789391143911
4.875,392.325818572195,364.292768309535
4.8875,392.479060173975,362.928722718482
4.9,391.992656277987,361.869769585253
4.9125,392.319813352477,361.074668141593
4.925,392.01599642538,359.564501288186
4.9375,392.166905700968,359.217427385892
4.95,392.245184986115,358.786915542414
4.9625,392.164026845638,358.578162622708
4.975,391.290969300993,357.349537892791
4.9875,391.394102357265,357.114423254953
5,394.371456763545,356.636002218935
5.0125,412.321791897198,356.146142433234
5.025,436.284154460719,355.92417500927
5.0375,453.651453385324,355.194187338023
5.05,466.950048283733,354.812447902195
5.0625,487.86797556719,354.916364650125
5.075,510.33394176445,354.438812320784
5.0875,522.132360604482,353.845876145515
5.1,527.584639362715,354.034093014638
5.1125,531.160677263303,354.132850913814
5.125,535.125670763372,354.376101679191
5.1375,537.476787412466,354.01832899144
5.15,539.59797385055,353.474109131403
5.1625,541.399307659022,355.236130471146
5.175,541.808004140072,364.471029248427
5.1875,540.949542867,375.168355129858
5.2,540.923196410079,384.766648270787
5.2125,540.211058315335,394.379855589069
5.225,538.278344279295,403.193172507965
5.2375,535.948680225011,410.847938847939
5.25,534.711228556576,413.089154661593
5.2625,531.469662921348,413.495068319609
5.275,527.463207955037,413.768060836502
5.2875,525.014990035526,412.070069438182
5.3,521.142881944444,410.5013518385
5.3125,516.776774865475,409.038024869346
5.325,512.540223900026,408.013198336648
5.3375,507.025052011096,405.694273287423
5.35,503.127997914494,404.062392465815
5.3625,497.841514360313,401.471679334057
5.375,492.172804039349,399.2182377977
5.3875,486.764382845188,396.373801338882
5.4,481.462466136503,394.134408115207
5.4125,475.5284738041,391.735267452403
5.425,469.168851599371,388.445521239018
5.4375,462.829340793845,386.018785733733
5.45,457.408408671992,384.049540114744
5.4625,450.731649565904,381.302701222851
5.475,445.18714838256,378.706397736607
5.4875,440.25647805394,376.38810483871
5.5,434.898720776356,373.818131868132
5.5125,430.676452437627,371.983215628726
5.525,427.726660761736,369.725954478708
5.5375,423.220878926933,368.75792957617
5.55,420.022436180549,366.307082987934
5.5625,418.015691489362,364.624712485049
5.575,415.258480565371,363.692774965486
5.5875,412.897503983006,362.321079786254
5.6,411.163786227067,361.130707499308
5.6125,409.156180672642,360.709647581167
5.625,407.958751889057,360.078476790512
5.6375,406.419288888889,358.850633145392
5.65,405.48330216404,358.676995652576
5.6625,404.435060894302,357.608743876514
5.675,403.55772140632,357.457037037037
5.6875,402.112031347404,356.858410351201
5.7,401.264587973274,356.048333333333
5.7125,400.687260749577,355.976477125394
5.725,399.574153297683,355.431269091919
5.7375,398.983672376874,355.37203043801
5.75,398.151671868034,355.067532467532
5.7625,397.614321383984,354.590068429813
5.775,397.066838962659,355.147440652819
5.7875,396.558482142857,354.89349827923
5.8,396.25288590604,354.355823665893
5.8125,396.222779369628,354.067787166868
5.825,395.138854185258,353.760003722315
5.8375,395.387165966574,353.729742258483
5.85,395.223574688982,353.922912603325
5.8625,394.509224431309,358.800388134184
5.875,393.970648769575,370.58050534858
5.8875,393.416837965859,379.193815571507
5.9,393.494393110254,389.70894085282
5.9125,393.409376120473,399.865692096848
5.925,393.155651083647,408.50109229929
5.9375,392.937572772056,412.865647335565
5.95,392.326079168906,413.543143994211
5.9625,392.536794986571,413.457176449308
5.975,391.812326683961,412.216511606901
5.9875,391.549530201342,411.08576329331
6,391.491228070175,409.695770065076
6.0125,391.357277037302,408.848962580411
6.025,391.849628102877,406.767492316037
6.0375,391.146840647064,405.31259057971
6.05,391.437118765698,402.979512283564
6.0625,390.788339443799,399.844502807462
6.075,390.853571108522,397.855224963716
6.0875,390.626540453652,395.001633097441
6.1,390.824910394265,392.204178019982
6.1125,392.618544705988,389.771980763996
6.125,411.681521252796,387.307098064164
6.1375,434.163916977115,384.343275438756
6.15,452.046781039972,382.419611065462
6.1625,466.122405909251,379.798157606713
6.175,486.800297021054,376.466879271071
6.1875,508.182491289199,374.850288435125
6.2,520.656741036548,372.384299406664
6.2125,526.791153512576,370.436783716879
6.225,531.137671114192,368.712829460924
6.2375,534.623776102591,366.913403199118
6.25,537.375313120843,365.37275490467
6.2625,539.060514502762,364.259730676997
6.275,540.058209727492,362.456690011058
6.2875,541.079281457812,361.469248501614
6.3,540.334799482536,360.682053175775
6.3125,540.417927219293,359.882157676349
6.325,539.162451445835,359.273725997046
6.3375,538.240938902313,358.365432554704
6.35,537.566271318501,357.525290751338
6.3625,533.435888591877,356.959164818921
6.375,530.348431152217,356.319083827893
6.3875,527.350708852005,356.523386125776
6.4,524.289156626506,355.808508666234
6.4125,520.082065029402,355.66096365486
6.425,516.789784060359,354.703070094322
6.4375,512.094094180904,354.845997411721
6.45,507.919926969223,354.724832838039
6.4625,502.064605765891,354.737739872068
6.475,497.544258581634,354.844017094017
6.4875,493.166593981683,354.084747334261
6.5,487.620524017467,353.601948955916
6.5125,481.983241686305,353.905274888559
6.525,475.843053248229,353.610848400556
6.5375,469.480881966926,352.860368279819
6.55,463.050437828371,355.692293407614
6.5625,457.541336851363,366.070004636069
6.575,450.707886878623,374.824085981995
6.5875,444.61583011583,384.595403772203
6.6,439.741168179015,394.928727471327
6.6125,434.503389382868,403.868150840527
6.625,430.27081863091,411.013445988916
6.6375,426.602596943733,413.484043034084
6.65,423.11419725785,413.589326096789
6.6625,420.400920435437,412.97867148667
6.675,417.64316674038,411.919570319552
6.6875,415.461217236784,410.416200108362
6.7,412.702309058615,409.275749615001
6.7125,411.006481399272,407.301663352016
6.725,408.705083843492,405.330498507193
6.7375,407.241348713398,403.274206672091
6.75,405.522201542143,400.772213685257
6.7625,405.228660436137,398.479767737253
6.775,403.53016437139,396.107931908729
6.7875,403.108577536296,393.137637138453
6.8,401.73585241957,391.104847494553
6.8125,400.922631766382,388.397490680971
6.825,400.579711435696,385.61351031912
6.8375,399.296038543897,383.10579024035
6.85,398.918352794367,380.606218088986
6.8625,398.46252236136,377.789031845971
6.875,397.798568232662,375.837422189674
6.8875,396.261979120193,373.474599542334
6.9,396.71364693257,371.258330281948
6.9125,395.826207265911,369.085572778134
6.925,395.36741242535,367.33250506166
6.9375,395.142716711349,365.685355957211
6.95,395.032379585613,364.905279646181
6.9625,394.328941471722,362.717367256637
6.975,394.628044412607,362.252097740894
6.9875,393.867119735313,360.887884100766
7,393.587051775016,360.119867121897
7.0125,393.069261744966,359.543383646634
7.025,392.411859404347,358.663677544606
7.0375,392.278399427088,357.444002589476
7.05,392.518535140472,356.78860514428
7.0625,392.321047439691,357.258288571958
7.075,391.529332856376,356.014987510408
7.0875,391.096998928189,356.270260257479
7.1,391.819281426395,355.889436030846
7.1125,390.821514799249,354.911688551877
7.125,390.631061012704,354.948580412466
7.1375,390.721346704871,354.374165430267
7.15,390.891312120129,354.592871066555
7.1625,391.037358119582,354.358738989337
7.175,392.776512774541,353.835887433826
7.1875,404.196747676912,353.828462751647
7.2,422.847397406289,353.594544613962
7.2125,444.481724046376,353.441457309725
7.225,471.251991944663,352.924281742354
7.2375,496.239035470907,353.811306765524
7.25,513.68511417117,360.974525243168
7.2625,521.532545407144,371.324282032401
7.275,526.802172024327,380.436410350523
7.2875,531.450108178278,391.147488584475
7.3,534.433823529412,400.856921534676
7.3125,537.228442672675,409.399107630668
7.325,538.903178314714,413.293078456242
7.3375,539.602437759336,413.527330316742
7.35,540.604550566658,413.379900407424
7.3625,540.689553787617,412.460747157553
7.375,539.437931629834,410.649620527647
7.3875,539.336733811706,410.024551549194
7.4,538.429374621572,407.424105529454
7.4125,534.915897524368,406.017090152817
7.425,533.050069180214,404.130784526392
7.4375,530.624783211932,401.275058696045
7.45,526.765975895257,399.131240955137
7.4625,524.193959906274,396.549129804206
7.475,519.81659880447,394.277661984594
7.4875,515.607269888089,391.302741466957
7.5,510.721528861154,389.867212369259
7.5125,506.383004605092,386.751365125592
7.525,501.747017329966,383.608157319738
7.5375,497.573221757322,380.932527052833
7.55,491.936907144722,378.226117839905
7.5625,486.746796827334,376.222760069413
7.575,481.738538118942,373.762852707515
7.5875,475.362714235747,372.037621581942
7.6,469.225665266106,369.828647556046
7.6125,462.793620191044,367.817530319735
7.625,456.159652814308,365.755694342395
7.6375,450.705157542686,364.547844470999
7.65,444.55705229794,362.951661909585
7.6625,438.734596738651,362.415106520336
7.675,434.234322557852,361.466358167515
7.6875,429.392265680056,360.881166126793
7.7,426.122645680432,359.63527888262
7.7125,422.62289145986,358.672828096118
7.725,420.040769298945,358.613383931877
7.7375,417.085906993255,357.668145683121
7.75,414.86494405967,357.046438482886
7.7625,412.602485574789,356.373555247342
7.775,410.548977777778,355.908569843764
7.7875,408.363394519819,355.826461595479
7.8,406.885516506922,355.125381414702
7.8125,405.968195991091,355.162997224792
7.825,404.13290632506,354.743832313114
7.8375,403.450512249443,354.259860788863
7.85,402.380429934885,354.247244094488
7.8625,400.676713790344,354.070700518903
7.875,400.240220974784,353.432152437332
7.8875,399.196706720071,353.453248077101
7.9,398.610134713177,353.329311304993
7.9125,397.126876943581,353.207916203189
7.925,397.39102164425,353.135896248263
7.9375,397.263275522975,359.099508485579
7.95,396.660779919319,369.396217712177
7.9625,396.153962870403,378.175729137915
7.975,395.252301367414,389.445817316493
7.9875,395.030362740708,398.908734500365
8,394.800877035976,408.026035502959
8.0125,394.006610684295,412.452005080748
8.025,393.434385902138,413.656000725163
8.0375,393.119593329171,413.04774415655
8.05,392.838603072526,412.370484382073
8.0625,392.376014990631,411.258900262705
8.075,392.07741877741,409.488382605551
8.0875,392.780632411067,408.646259735555
8.1,391.51457960644,406.324541595159
8.1125,391.702673701154,404.701366886938
8.125,391.418492354467,402.470086246028
8.1375,391.188522392062,399.759862468332
8.15,390.993025751073,397.905686043348
8.1625,390.938623959918,394.849500454133
8.175,390.067066082447,391.453457808393
8.1875,390.897362282433,389.468030923147
8.2,390.923559458733,386.264393870705
8.2125,390.050192359309,384.757047714625
8.225,390.181679662992,382.410764872521
8.2375,390.047836603064,378.985398795401
8.25,390.024063931041,376.719748129221
8.2625,390.324118122251,374.192107426692
8.275,390.362177187948,372.019615032081
8.2875,390.069963271522,369.946692357097
8.3,400.013975989966,367.507668289099
8.3125,422.695308334814,366.432407577708
8.325,444.597266595669,364.957342915054
8.3375,458.032676852424,363.693591516828
8.35,475.386751010367,362.810446659284
8.3625,496.143118466899,361.114962662487
8.375,515.00539083558,360.529476991314
8.3875,523.417752301546,359.460365853659
8.4,527.57360318284,358.41987474673
8.4125,532.033097131006,357.806889545622
8.425,535.190529778393,357.816513761468
8.4375,537.41657305798,356.509156492786
8.45,538.738796304292,356.540618060696
8.4625,538.733597723942,356.317840940654
8.475,539.659352051836,356.089981447124
8.4875,539.287402933563,355.507176590425
8.5,538.722888447934,354.856930922578
8.5125,537.895377969762,355.034764067859
8.525,536.412267818574,354.758540660973
8.5375,533.099939535285,354.321018518519
8.55,531.206625151358,354.34641796585
8.5625,527.56646799689,353.538361869505
8.575,525.135202977582,353.291833132026
8.5875,521.464759427828,353.245235892692
8.6,517.70482555112,353.374060673532
8.6125,513.008160430593,352.895997771381
8.625,508.183918027093,357.046451133408
8.6375,503.967652173913,366.310832025118
8.65,499.921325774095,375.655626092557
8.6625,493.709040285391,385.962979932191
8.675,488.994074074074,396.808260393873
8.6875,483.226387068589,405.282130521723
8.7,477.09215583508,411.322317051026
8.7125,470.432352170495,412.363726820443
8.725,464.855328837902,412.772406300923
8.7375,458.768326902841,412.165177362578
8.75,452.816498464239,411.922944896116
8.7625,445.699359592947,410.363775832506
8.775,441.75274967004,408.299031586569
8.7875,436.87229341582,405.98940697148
8.8,432.419989367358,404.670316742081
8.8125,427.223554301834,402.782888767919
8.825,423.430390942862,399.81878342852
8.8375,421.004870704924,397.511179505748
8.85,417.794089018671,394.716638016828
8.8625,415.346092503987,392.797564964565
8.875,413.205637298351,389.89031377899
8.8875,411.101534095947,387.419912631962
8.9,408.565671773979,384.893419495768
8.9125,407.090901020861,382.401090413448
8.925,405.927778271298,379.858004385965
8.9375,405.527316550616,376.714272660819
8.95,404.060795150651,374.785812231465
8.9625,402.233039921757,372.274890190337
8.975,402.398091160467,370.071539657854
8.9875,400.63422459893,368.929266948374
9,400.15791354055,366.562654916001
9.0125,399.088684469054,365.287685091511
9.025,399.203882626588,363.640883977901
9.0375,397.685558729025,362.500738143569
9.05,397.535152057245,361.75567867036
9.0625,397.070679924751,361.173523157992
9.075,395.825106913756,359.692385974651
9.0875,395.425509110397,359.066320859578
9.1,394.524051762606,358.098272836427
9.1125,394.019558810396,358.208962133136
9.125,394.183731971692,357.604433314784
9.1375,393.798480786416,357.009157339747
9.15,393.058307994992,356.422684239837
9.1625,393.101861797351,356.031982149498
9.175,392.725377940782,355.415206305053
9.1875,391.509718259629,355.169515140256
9.2,392.153859899929,354.714988855869
9.2125,391.358729592292,354.63779966549
9.225,391.702255235368,354.085462962963
9.2375,391.842930061789,354.161132180187
9.25,391.411401467693,353.935570594234
9.2625,391.05112620665,353.211165723825
9.275,390.712176791626,353.617469599926
9.2875,390.780964330525,353.281692749329
9.3,390.972396486826,352.697971658794
9.3125,390.891584601611,353.854829755736
9.325,389.690886369722,362.213332097163
9.3375,390.63865470852,371.846493649917
9.35,389.969772849222,381.462549398033
9.3625,390.42082623891,391.96329772665
9.375,390.464880845727,401.773990704456
9.3875,390.10970691046,409.116141910897
9.4,390.575466618808,412.319116182197
9.4125,401.843350897562,413.368863574722
9.425,425.810784313725,412.162670768117
9.4375,445.881847951146,411.135763386397
9.45,459.045955720208,410.353871171741
9.4625,477.341230148285,408.448522100696
9.475,499.063269046165,407.577717391304
9.4875,515.532036811947,405.417722664736
9.5,523.696838082001,403.428144525944
9.5125,527.987104033235,400.846153846154
9.525,532.386574274578,398.687704026115
9.5375,534.720280325316,396.291866896364
9.55,536.870173620109,393.754809437387
9.5625,539.087212320471,390.653591210388
9.575,539.370280777538,388.567228038234
9.5875,539.611187964724,385.548958996272
9.6,539.166508497973,383.361803084223
9.6125,537.879041296664,380.566304645432
9.625,538.036517826237,377.703247582558
9.6375,534.767407790417,374.893748860944
9.65,532.612003454231,373.137701023392
9.6625,531.564213814648,370.950335693921
9.675,527.965553145336,369.402586681343
9.6875,524.137787779124,366.894500045909
9.7,520.509713790113,365.474576271186
9.7125,517.202067587525,363.97918201916
9.725,512.975658523863,362.271665133395
9.7375,507.182433605277,361.31724137931
9.75,503.301860545992,360.348708487085
9.7625,498.409763313609,359.725479351032
9.775,493.074438446805,361.426923786677
9.7875,488.184946423905,368.571718851021
9.8,483.000786163522,376.876102130786
9.8125,476.994665967121,385.925647145218
9.825,471.228666549851,396.638693788197
9.8375,464.594786107952,405.653392597968
9.85,458.738977691902,408.30525649145
9.8625,453.157816071743,408.706432005806
9.875,446.665583845478,409.065158124318
9.8875,441.750176304654,408.037611020482
9.9,436.873873873874,406.375770206597
9.9125,432.172709586134,404.219521044993
9.925,427.890286017887,402.707746798656
9.9375,424.013079982324,400.57361324767
9.95,420.590515718827,398.616072234763
9.9625,418.094129106526,396.367067982258
9.975,414.747675962815,394.288220323578
9.9875,413.077953174885,391.951585066764
10,411.523132936684,390.184473971605
10.0125,408.805486725664,387.533484986351
10.025,407.515738929397,385.282333667061
10.0375,406.372493092076,383.058834277362
10.05,405.162448761362,380.483938867027
10.0625,403.708010335917,377.212777625446
10.075,402.529652351738,374.799688444974
10.0875,402.096607142857,373.038186813187
10.1,400.715188184002,370.982411139612
10.1125,400.020770190765,369.502062139126
10.125,398.972108358581,367.500412957695
10.1375,398.168542336549,366.12708199135
10.15,398.554869316148,364.100497420781
10.1625,397.186142154671,362.959726584149
10.175,396.148901981789,362.163508642204
10.1875,396.061635893319,360.550382594266
10.2,395.478961504029,359.634797826287
10.2125,394.764453194917,358.585866961489
10.225,394.806301467956,358.229261074632
10.2375,393.970027735528,357.941247447559
10.25,393.312790282244,356.629220719477
10.2625,393.345682326622,356.033407161314
10.275,393.255709807434,356.636624942049
10.2875,392.613703537841,355.450633848432
10.3,392.429990158361,355.329045988711
10.3125,391.937097351467,354.38594544614
10.325,392.290856989344,354.487685185185
10.3375,392.095767575323,353.844821196961
10.35,391.887148738142,353.987008166295
10.3625,391.649012567325,353.497220678155
10.375,390.855634117963,353.26364057434
10.3875,391.174334140436,353.316053978595
10.4,391.485357527848,352.910356347439
10.4125,390.33476702509,352.691952323755
10.425,390.145684097421,352.268602709222
10.4375,390.208008599839,352.650706582373
10.45,390.327249955269,352.709068946293
10.4625,390.452449309169,352.713275653549
10.475,389.962664517862,351.954004831816
10.4875,389.747221226246,351.971858456395
10.5,389.745265236514,356.207687308514
10.5125,393.019468867755,374.127793167128
10.525,411.919625334523,383.71246328928
10.5375,435.238438278193,389.236114936198
10.55,451.861233869542,399.22307411464
10.5625,465.882755594559,407.512252677437
10.575,486.687275907302,411.861641480409
10.5875,508.153859572612,411.983994936251
10.6,518.38827203331,411.607997111653
10.6125,525.358729607775,410.612827461608
10.625,530.069688827251,409.041918872527
10.6375,533.179010209379,407.198678493845
10.65,535.50004322642,405.64113706319
10.6625,537.449325492909,403.348763474952
10.675,538.706345089903,400.824789802007
10.6875,539.298649584488,398.653971119134
10.7,538.77798894264,396.568346627991
10.7125,537.542763441788,393.842434121163
10.725,536.442870714224,391.191168453571
10.7375,536.171510119357,387.966606170599
10.75,534.498353838156,385.619960043589
10.7625,531.34169550173,383.153734458662
10.775,528.973183391003,380.834062329142
10.7875,526.176929748482,378.162181884521
10.8,522.540629607146,375.090493601463
10.8125,519.045241403265,373.602056744101
10.825,515.00904819906,371.023381624794
10.8375,509.849069727004,369.227076640661
10.85,505.321425467188,367.08587435709
10.8625,500.745674289192,365.881401121633
10.875,494.930614729154,364.074521002211
10.8875,491.274567987432,362.427846934071
10.9,484.305589413199,361.274562211982
10.9125,479.307101056861,360.170377898919
10.925,473.65596009102,360.132258960822
10.9375,466.584869398096,359.022468793343
10.95,461.537516454585,358.417915972608
10.9625,454.927988772915,357.288860103627
10.975,449.380207417824,356.681162102147
10.9875,443.182594156987,356.246990183367
11,437.444297898532,355.827774689642
11.0125,433.553152039555,355.699303297724
11.025,429.128273177636,354.87560296846
11.0375,425.297232782247,354.511876043793
11.05,422.151330327941,354.162367786231
11.0625,418.946365248227,354.120396994713
11.075,416.237845990064,353.891318447142
11.0875,413.51865008881,353.286362794145
11.1,411.60677845799,353.44943508057
11.1125,409.637016672579,353.018508236165
11.125,408.192075337598,352.419196138494
11.1375,406.4824460048,352.64919617136
11.15,404.783639279986,352.406612798365
11.1625,403.947715329117,351.969404783979
11.175,402.046801316843,352.146422937738
11.1875,400.979724321921,353.207548919596
11.2,400.151069518717,365.835598705502
11.2125,399.82208151253,377.083294941491
11.225,398.765151515152,385.14562482784
11.2375,397.913322632424,393.006869389998
11.25,397.360257326662,400.891734256812
11.2625,396.964371818912,409.013432564894
11.275,396.033351216023,411.032637193744
11.2875,395.169089449746,411.416132237377
11.3,395.071332916704,411.345742753623
11.3125,393.969064812338,409.81287817213
11.325,393.98999106345,408.749705695916
11.3375,393.520532047849,407.267656646143
11.35,392.939548173944,405.098842466992
11.3625,392.900429031105,402.816058658459
11.375,392.54877613007,400.945698486085
11.3875,392.820197486535,397.965807327001
11.4,391.883336313249,395.528665881714
11.4125,391.896903526043,393.356714519353
11.425,391.739578664276,391.56033148165
11.4375,391.71829344806,388.532708579747
11.45,390.993107152448,385.698681218736
11.4625,391.205523672884,382.980087288598
11.475,391.235315250584,380.551139471285
11.4875,390.369296833065,377.940388296418
11.5,390.986174701499,375.800877273143
11.5125,390.311906042675,372.73088517402
11.525,390.092120561667,371.354409470496
11.5375,389.597926164298,369.105151988245
11.55,403.871399268706,367.285254937988
11.5625,430.800479063165,365.720434062902
11.575,448.554926587653,364.120320855615
11.5875,460.845272711252,362.787979351032
11.6,472.927757320708,361.353593201552
11.6125,499.203782794387,359.82936727541
11.625,515.661922943422,359.898605596085
11.6375,522.706351961125,358.739094269871
11.65,526.808757355486,358.000461595273
11.6625,530.254734111543,356.945230826163
11.675,532.880479806697,356.291863371286
11.6875,535.145289541919,355.416412531189
11.7,537.0471290211,355.20483707191
11.7125,537.83179185755,355.111769608297
11.725,537.838748703768,355.212594037336
11.7375,537.470852405216,354.441752529472
11.75,536.415708977793,353.754486586494
11.7625,535.516916154711,354.163102101544
11.775,533.317092167893,353.513611446623
11.7875,531.136851211073,353.584609672329
11.8,528.480204011065,352.792940522512
11.8125,526.258601265274,353.217741935484
11.825,522.808652679036,352.231254055056
11.8375,518.332669322709,352.022286191847
11.85,513.612559549589,352.403552827381
11.8625,510.081308573412,352.145192754296
11.875,505.37455585406,352.506226765799
11.8875,501.934221989894,359.310146540531
11.9,496.869053842133,372.605830633966
11.9125,491.776267642446,380.420550458716
11.925,487.277089513174,388.870076209714
11.9375,480.786561954625,397.20602464628
11.95,475.376573426573,406.262136806631
11.9625,469.521933672574,410.553320648727
11.975,462.964520944937,412.04753712423
11.9875,457.310481386958,411.618702428416
12,450.498417443292,410.584510869565
12.0125,445.248506151142,408.638205499276
12.025,439.71302739364,407.712063664315
12.0375,434.658388375165,405.792560412707
12.05,430.373402661496,403.810547227741
12.0625,426.071516646116,402.499365597245
12.075,422.445308358367,399.903000634575
12.0875,419.67976980965,397.193741496599
12.1,417.255041307631,394.065889370933
12.1125,413.130953432889,392.697473645947
12.125,411.796081212874,389.625350837483
12.1375,409.347310686483,386.627949183303
12.15,408.268147490004,384.996084145342
12.1625,406.986189076005,382.628427787934
12.175,404.934996891928,380.49560761347
12.1875,403.53841365819,377.133607681756
12.2,403.092749487202,374.276146033489
12.2125,401.821517857143,372.649839670179
12.225,400.306087886621,369.803391384051
12.2375,399.891189859859,368.514025567921
12.25,398.49799268445,366.469743022934
12.2625,398.361561185212,364.939050253573
12.275,397.233116245874,363.844456752515
12.2875,396.721889791909,361.386904215263
12.3,396.194585901903,360.610075659716
12.3125,395.671994999107,359.414665681566
12.325,394.896721165014,359.317622002037
12.3375,394.613269041879,357.960265511201
12.35,393.835478105451,357.230314778916
12.3625,393.808786685755,356.830017581197
12.375,393.492076282568,356.860861509958
12.3875,392.892965813496,355.483712752175
12.4,392.457561935426,355.453188728217
12.4125,392.087463034322,354.770271522565
12.425,391.677118795915,354.714603822602
12.4375,392.306102273749,354.202764122067
12.45,390.997409557838,353.927093961599
12.4625,390.891887062187,353.570845318734
12.475,390.906837300877,353.306156560498
12.4875,389.90527256479,353.499397087469